Model,Accuracy,Precision,Recall,F1 Score
llama3:latest,0.94,0.9459459459459459,0.8974358974358975,0.9210526315789475
qwen3.5:4b,0.89,0.78,1.0,0.8764044943820225
