Model,Accuracy,Precision,Recall,F1 Score
gemma3:4b,0.87,0.782608695652174,0.9230769230769231,0.8470588235294118
llama3:latest,0.93,0.9210526315789473,0.8974358974358975,0.9090909090909091
qwen3.5:4b,0.95,1.0,0.8717948717948718,0.9315068493150686
gemma3:12b,0.91,0.8409090909090909,0.9487179487179487,0.891566265060241
