Model,Accuracy,Precision,Recall,F1 Score
gemma3:4b,0.8623853211009175,0.7588235294117647,0.9699248120300752,0.8514851485148515
llama3:latest,0.9114285714285715,0.9083969465648855,0.8623188405797102,0.8847583643122676
qwen3.5:4b,0.882183908045977,0.7745664739884393,0.9852941176470589,0.8673139158576051
gemma3:12b,0.8785046728971962,0.7450980392156863,1.0,0.8539325842696629
