Model,Accuracy,Precision,Recall,F1 Score
gemma3:4b,0.7298850574712644,0.5982142857142857,0.9710144927536232,0.7403314917127072
llama3:latest,0.8571428571428571,0.860655737704918,0.7608695652173914,0.8076923076923077
qwen3.5:4b,0.7571428571428571,0.6331658291457286,0.9130434782608695,0.7477744807121661
gemma3:12b,0.7885714285714286,0.6568627450980392,0.9710144927536232,0.783625730994152
