Model,Accuracy,Precision,Recall,F1 Score
gemma3:4b,0.5,0.5,1.0,0.6666666666666666
llama3:latest,1.0,1.0,1.0,1.0
qwen3.5:4b,0.5,0.5,1.0,0.6666666666666666
gemma3:12b,1.0,1.0,1.0,1.0
