Model,Accuracy,Precision,Recall,F1 Score
gemma3:4b,0.873900293255132,0.8181818181818182,0.8731343283582089,0.8447653429602888
llama3:latest,0.7571428571428571,1.0,0.38405797101449274,0.5549738219895288
qwen3.5:4b,0.8428571428571429,0.9560439560439561,0.6304347826086957,0.7598253275109171
gemma3:12b,0.8,0.9473684210526315,0.5217391304347826,0.6728971962616822
