Model,Accuracy,Precision,Recall,F1 Score
gemma3:4b,0.7572254335260116,0.6221198156682027,0.9854014598540146,0.7627118644067797
llama3:latest,0.8657142857142858,0.8582677165354331,0.7898550724637681,0.8226415094339623
qwen3.5:4b,0.8314285714285714,0.7135135135135136,0.9565217391304348,0.8173374613003096
gemma3:12b,0.7619047619047619,0.5945945945945946,1.0,0.7457627118644068
