Model,Accuracy,Precision,Recall,F1 Score
gemma3:4b,0.8314285714285714,0.7283236994219653,0.9130434782608695,0.8102893890675241
llama3:latest,0.9257142857142857,0.9516129032258065,0.855072463768116,0.900763358778626
qwen3.5:4b,0.8628571428571429,0.9591836734693877,0.6811594202898551,0.7966101694915255
gemma3:12b,0.8942857142857142,0.8258064516129032,0.927536231884058,0.8737201365187713
