Model,Accuracy,Precision,Recall,F1 Score
gemma3:4b,0.6430678466076696,0.5294117647058824,0.9926470588235294,0.690537084398977
llama3:latest,0.7542857142857143,0.6203703703703703,0.9710144927536232,0.7570621468926554
qwen3.5:4b,0.7685714285714286,0.6610169491525424,0.8478260869565217,0.7428571428571429
gemma3:12b,0.6971428571428572,0.5695652173913044,0.9492753623188406,0.7119565217391305
